http://www.okkam.org/ontology_restaurant1.owl#name,http://www.w3.org/1999/02/22-rdf-syntax-ns#type,entityUrl,http://www.okkam.org/ontology_restaurant1.owl#phone_number,http://www.okkam.org/ontology_restaurant1.owl#has_address,http://www.okkam.org/ontology_restaurant1.owl#category,http://www.okkam.org/ontology_restaurant1.owl#street,http://www.okkam.org/ontology_restaurant1.owl#is_in_city
new york,http://www.okkam.org/ontology_restaurant1.owl#City,http://www.okkam.org/oaie/restaurant1-City65,,,,,
la grotta,http://www.okkam.org/ontology_restaurant1.owl#Restaurant,http://www.okkam.org/oaie/restaurant1-Restaurant85,404/231-1368,http://www.okkam.org/oaie/restaurant1-Address85,italian,,
fenix,http://www.okkam.org/ontology_restaurant1.owl#Restaurant,http://www.okkam.org/oaie/restaurant1-Restaurant7,213/848-6677,http://www.okkam.org/oaie/restaurant1-Address7,american,,
,http://www.okkam.org/ontology_restaurant1.owl#Address,http://www.okkam.org/oaie/restaurant1-Address101,,,,570 4th st.,http://www.okkam.org/oaie/restaurant1-City101
,http://www.okkam.org/ontology_restaurant1.owl#Address,http://www.okkam.org/oaie/restaurant1-Address60,,,,43 w. 65th st.,http://www.okkam.org/oaie/restaurant1-City60
new york,http://www.okkam.org/ontology_restaurant1.owl#City,http://www.okkam.org/oaie/restaurant1-City35,,,,,
rainbow room,http://www.okkam.org/ontology_restaurant1.owl#Restaurant,http://www.okkam.org/oaie/restaurant1-Restaurant55,212/632-5000,http://www.okkam.org/oaie/restaurant1-Address55,or 212/632-5100 american,,
,http://www.okkam.org/ontology_restaurant1.owl#Address,http://www.okkam.org/oaie/restaurant1-Address30,,,,2 harrison st.  near hudson st.,http://www.okkam.org/oaie/restaurant1-City30
aureole,http://www.okkam.org/ontology_restaurant1.owl#Restaurant,http://www.okkam.org/oaie/restaurant1-Restaurant25,212/ 319-1660,http://www.okkam.org/oaie/restaurant1-Address25,american,,
atlanta,http://www.okkam.org/ontology_restaurant1.owl#City,http://www.okkam.org/oaie/restaurant1-City77,,,,,
cafe claude,http://www.okkam.org/ontology_restaurant1.owl#Restaurant,http://www.okkam.org/oaie/restaurant1-Restaurant97,415/392-3505,http://www.okkam.org/oaie/restaurant1-Address97,french,,
los angeles,http://www.okkam.org/ontology_restaurant1.owl#City,http://www.okkam.org/oaie/restaurant1-City6,,,,,
,http://www.okkam.org/ontology_restaurant1.owl#Address,http://www.okkam.org/oaie/restaurant1-Address72,,,,2880 las vegas blvd. s,http://www.okkam.org/oaie/restaurant1-City72
new york,http://www.okkam.org/ontology_restaurant1.owl#City,http://www.okkam.org/oaie/restaurant1-City47,,,,,
chin's,http://www.okkam.org/ontology_restaurant1.owl#Restaurant,http://www.okkam.org/oaie/restaurant1-Restaurant67,702/733-8899,http://www.okkam.org/oaie/restaurant1-Address67,asian,,
,http://www.okkam.org/ontology_restaurant1.owl#Address,http://www.okkam.org/oaie/restaurant1-Address42,,,,160 central park s,http://www.okkam.org/oaie/restaurant1-City42
los angeles,http://www.okkam.org/ontology_restaurant1.owl#City,http://www.okkam.org/oaie/restaurant1-City17,,,,,
island spice,http://www.okkam.org/ontology_restaurant1.owl#Restaurant,http://www.okkam.org/oaie/restaurant1-Restaurant37,212/765-1737,http://www.okkam.org/oaie/restaurant1-Address37,tel caribbean,,
,http://www.okkam.org/ontology_restaurant1.owl#Address,http://www.okkam.org/oaie/restaurant1-Address12,,,,8284 melrose ave.,http://www.okkam.org/oaie/restaurant1-City12
san francisco,http://www.okkam.org/ontology_restaurant1.owl#City,http://www.okkam.org/oaie/restaurant1-City101,,,,,
atlanta,http://www.okkam.org/ontology_restaurant1.owl#City,http://www.okkam.org/oaie/restaurant1-City89,,,,,
,http://www.okkam.org/ontology_restaurant1.owl#Address,http://www.okkam.org/oaie/restaurant1-Address84,,,,1397 n. highland ave.,http://www.okkam.org/oaie/restaurant1-City84
new york,http://www.okkam.org/ontology_restaurant1.owl#City,http://www.okkam.org/oaie/restaurant1-City59,,,,,
ciboulette,http://www.okkam.org/ontology_restaurant1.owl#Restaurant,http://www.okkam.org/oaie/restaurant1-Restaurant79,404/874-7600,http://www.okkam.org/oaie/restaurant1-Address79,french,,
,http://www.okkam.org/ontology_restaurant1.owl#Address,http://www.okkam.org/oaie/restaurant1-Address6,,,,6703 melrose ave.,http://www.okkam.org/oaie/restaurant1-City6
,http://www.okkam.org/ontology_restaurant1.owl#Address,http://www.okkam.org/oaie/restaurant1-Address54,,,,95 ave. a at 6th st.,http://www.okkam.org/oaie/restaurant1-City54
new york,http://www.okkam.org/ontology_restaurant1.owl#City,http://www.okkam.org/oaie/restaurant1-City29,,,,,
rose pistola,http://www.okkam.org/ontology_restaurant1.owl#Restaurant,http://www.okkam.org/oaie/restaurant1-Restaurant111,415/399-0499,http://www.okkam.org/oaie/restaurant1-Address111,italian,,
atlanta,http://www.okkam.org/ontology_restaurant1.owl#City,http://www.okkam.org/oaie/restaurant1-City90,,,,,
montrachet,http://www.okkam.org/ontology_restaurant1.owl#Restaurant,http://www.okkam.org/oaie/restaurant1-Restaurant49,212/ 219-2777,http://www.okkam.org/oaie/restaurant1-Address49,french,,
,http://www.okkam.org/ontology_restaurant1.owl#Address,http://www.okkam.org/oaie/restaurant1-Address24,,,,13 w. 54th st.,http://www.okkam.org/oaie/restaurant1-City24
new york,http://www.okkam.org/ontology_restaurant1.owl#City,http://www.okkam.org/oaie/restaurant1-City60,,,,,
rex il ristorante,http://www.okkam.org/ontology_restaurant1.owl#Restaurant,http://www.okkam.org/oaie/restaurant1-Restaurant19,213/627-2300,http://www.okkam.org/oaie/restaurant1-Address19,italian,,
delectables,http://www.okkam.org/ontology_restaurant1.owl#Restaurant,http://www.okkam.org/oaie/restaurant1-Restaurant80,404/681-2909,http://www.okkam.org/oaie/restaurant1-Address80,american,,
hotel bel-air,http://www.okkam.org/ontology_restaurant1.owl#Restaurant,http://www.okkam.org/oaie/restaurant1-Restaurant2,310/472-1211,http://www.okkam.org/oaie/restaurant1-Address2,californian,,
,http://www.okkam.org/ontology_restaurant1.owl#Address,http://www.okkam.org/oaie/restaurant1-Address96,,,,1 mission st.,http://www.okkam.org/oaie/restaurant1-City96
new york,http://www.okkam.org/ontology_restaurant1.owl#City,http://www.okkam.org/oaie/restaurant1-City30,,,,,
oceana,http://www.okkam.org/ontology_restaurant1.owl#Restaurant,http://www.okkam.org/oaie/restaurant1-Restaurant50,212/759-5941,http://www.okkam.org/oaie/restaurant1-Address50,seafood,,
,http://www.okkam.org/ontology_restaurant1.owl#Address,http://www.okkam.org/oaie/restaurant1-Address66,,,,152 w. 44th st.,http://www.okkam.org/oaie/restaurant1-City66
,http://www.okkam.org/ontology_restaurant1.owl#Address,http://www.okkam.org/oaie/restaurant1-Address107,,,,1737 post st.,http://www.okkam.org/oaie/restaurant1-City107
spago,http://www.okkam.org/ontology_restaurant1.owl#Restaurant,http://www.okkam.org/oaie/restaurant1-Restaurant20,310/652-4025,http://www.okkam.org/oaie/restaurant1-Address20,californian,,
,http://www.okkam.org/ontology_restaurant1.owl#Address,http://www.okkam.org/oaie/restaurant1-Address36,,,,42 e. 20th st.  between park ave. s and broadway,http://www.okkam.org/oaie/restaurant1-City36
las vegas,http://www.okkam.org/ontology_restaurant1.owl#City,http://www.okkam.org/oaie/restaurant1-City72,,,,,
toulouse,http://www.okkam.org/ontology_restaurant1.owl#Restaurant,http://www.okkam.org/oaie/restaurant1-Restaurant92,404/351-9533,http://www.okkam.org/oaie/restaurant1-Address92,french,,
studio city,http://www.okkam.org/ontology_restaurant1.owl#City,http://www.okkam.org/oaie/restaurant1-City1,,,,,
new york,http://www.okkam.org/ontology_restaurant1.owl#City,http://www.okkam.org/oaie/restaurant1-City42,,,,,
smith & wollensky,http://www.okkam.org/ontology_restaurant1.owl#Restaurant,http://www.okkam.org/oaie/restaurant1-Restaurant62,212/753-1530,http://www.okkam.org/oaie/restaurant1-Address62,american,,
,http://www.okkam.org/ontology_restaurant1.owl#Address,http://www.okkam.org/oaie/restaurant1-Address78,,,,3073 piedmont road,http://www.okkam.org/oaie/restaurant1-City78
los angeles,http://www.okkam.org/ontology_restaurant1.owl#City,http://www.okkam.org/oaie/restaurant1-City12,,,,,
dawat,http://www.okkam.org/ontology_restaurant1.owl#Restaurant,http://www.okkam.org/oaie/restaurant1-Restaurant32,212/355-7555,http://www.okkam.org/oaie/restaurant1-Address32,asian,,
,http://www.okkam.org/ontology_restaurant1.owl#Address,http://www.okkam.org/oaie/restaurant1-Address48,,,,57 jane st.  off hudson st.,http://www.okkam.org/oaie/restaurant1-City48
lulu,http://www.okkam.org/ontology_restaurant1.owl#Restaurant,http://www.okkam.org/oaie/restaurant1-Restaurant105,415/495-5775,http://www.okkam.org/oaie/restaurant1-Address105,mediterranean,,
atlanta,http://www.okkam.org/ontology_restaurant1.owl#City,http://www.okkam.org/oaie/restaurant1-City84,,,,,
,http://www.okkam.org/ontology_restaurant1.owl#Address,http://www.okkam.org/oaie/restaurant1-Address18,,,,12969 ventura blvd.,http://www.okkam.org/oaie/restaurant1-City18
san francisco,http://www.okkam.org/ontology_restaurant1.owl#City,http://www.okkam.org/oaie/restaurant1-City107,,,,,
new york,http://www.okkam.org/ontology_restaurant1.owl#City,http://www.okkam.org/oaie/restaurant1-City54,,,,,
abruzzi,http://www.okkam.org/ontology_restaurant1.owl#Restaurant,http://www.okkam.org/oaie/restaurant1-Restaurant74,404/261-8186,http://www.okkam.org/oaie/restaurant1-Address74,italian,,
,http://www.okkam.org/ontology_restaurant1.owl#Address,http://www.okkam.org/oaie/restaurant1-Address1,,,,12224 ventura blvd.,http://www.okkam.org/oaie/restaurant1-City1
new york,http://www.okkam.org/ontology_restaurant1.owl#City,http://www.okkam.org/oaie/restaurant1-City24,,,,,
lutece,http://www.okkam.org/ontology_restaurant1.owl#Restaurant,http://www.okkam.org/oaie/restaurant1-Restaurant44,212/752-2225,http://www.okkam.org/oaie/restaurant1-Address44,french,,
san francisco,http://www.okkam.org/ontology_restaurant1.owl#City,http://www.okkam.org/oaie/restaurant1-City96,,,,,
matsuhisa,http://www.okkam.org/ontology_restaurant1.owl#Restaurant,http://www.okkam.org/oaie/restaurant1-Restaurant14,310/659-9639,http://www.okkam.org/oaie/restaurant1-Address14,asian,,
,http://www.okkam.org/ontology_restaurant1.owl#Address,http://www.okkam.org/oaie/restaurant1-Address91,,,,181 peachtree st.,http://www.okkam.org/oaie/restaurant1-City91
new york,http://www.okkam.org/ontology_restaurant1.owl#City,http://www.okkam.org/oaie/restaurant1-City66,,,,,
mary mac's tea room,http://www.okkam.org/ontology_restaurant1.owl#Restaurant,http://www.okkam.org/oaie/restaurant1-Restaurant86,404/876-1800,http://www.okkam.org/oaie/restaurant1-Address86,southern,,
granita,http://www.okkam.org/ontology_restaurant1.owl#Restaurant,http://www.okkam.org/oaie/restaurant1-Restaurant8,310/456-0488,http://www.okkam.org/oaie/restaurant1-Address8,californian,,
,http://www.okkam.org/ontology_restaurant1.owl#Address,http://www.okkam.org/oaie/restaurant1-Address102,,,,22 hawthorne st.,http://www.okkam.org/oaie/restaurant1-City102
,http://www.okkam.org/ontology_restaurant1.owl#Address,http://www.okkam.org/oaie/restaurant1-Address61,,,,1110 3rd ave. at 65th st.,http://www.okkam.org/oaie/restaurant1-City61
new york,http://www.okkam.org/ontology_restaurant1.owl#City,http://www.okkam.org/oaie/restaurant1-City36,,,,,
river cafe,http://www.okkam.org/ontology_restaurant1.owl#Restaurant,http://www.okkam.org/oaie/restaurant1-Restaurant56,718/522-5200,http://www.okkam.org/oaie/restaurant1-Address56,american,,
,http://www.okkam.org/ontology_restaurant1.owl#Address,http://www.okkam.org/oaie/restaurant1-Address31,,,,20 e. 76th st.,http://www.okkam.org/oaie/restaurant1-City31
cafe lalo,http://www.okkam.org/ontology_restaurant1.owl#Restaurant,http://www.okkam.org/oaie/restaurant1-Restaurant26,212/496-6031,http://www.okkam.org/oaie/restaurant1-Address26,coffee bar,,
atlanta,http://www.okkam.org/ontology_restaurant1.owl#City,http://www.okkam.org/oaie/restaurant1-City78,,,,,
campton place,http://www.okkam.org/ontology_restaurant1.owl#Restaurant,http://www.okkam.org/oaie/restaurant1-Restaurant98,415/955-5555,http://www.okkam.org/oaie/restaurant1-Address98,american,,
hollywood,http://www.okkam.org/ontology_restaurant1.owl#City,http://www.okkam.org/oaie/restaurant1-City7,,,,,
,http://www.okkam.org/ontology_restaurant1.owl#Address,http://www.okkam.org/oaie/restaurant1-Address73,,,,2245 e. flamingo rd.,http://www.okkam.org/oaie/restaurant1-City73
new york,http://www.okkam.org/ontology_restaurant1.owl#City,http://www.okkam.org/oaie/restaurant1-City48,,,,,
coyote cafe,http://www.okkam.org/ontology_restaurant1.owl#Restaurant,http://www.okkam.org/oaie/restaurant1-Restaurant68,702/891-7349,http://www.okkam.org/oaie/restaurant1-Address68,southwestern,,
,http://www.okkam.org/ontology_restaurant1.owl#Address,http://www.okkam.org/oaie/restaurant1-Address43,,,,2 e. 55th st.,http://www.okkam.org/oaie/restaurant1-City43
los angeles,http://www.okkam.org/ontology_restaurant1.owl#City,http://www.okkam.org/oaie/restaurant1-City18,,,,,
fleur de lys,http://www.okkam.org/ontology_restaurant1.owl#Restaurant,http://www.okkam.org/oaie/restaurant1-Restaurant100,415/673-7779,http://www.okkam.org/oaie/restaurant1-Address100,french,,
jo jo,http://www.okkam.org/ontology_restaurant1.owl#Restaurant,http://www.okkam.org/oaie/restaurant1-Restaurant38,212/223-5656,http://www.okkam.org/oaie/restaurant1-Address38,american,,
,http://www.okkam.org/ontology_restaurant1.owl#Address,http://www.okkam.org/oaie/restaurant1-Address13,,,,3rd st.,http://www.okkam.org/oaie/restaurant1-City13
san francisco,http://www.okkam.org/ontology_restaurant1.owl#City,http://www.okkam.org/oaie/restaurant1-City102,,,,,
,http://www.okkam.org/ontology_restaurant1.owl#Address,http://www.okkam.org/oaie/restaurant1-Address85,,,,2637 peachtree rd.  peachtree house condominium,http://www.okkam.org/oaie/restaurant1-City85
,http://www.okkam.org/ontology_restaurant1.owl#Address,http://www.okkam.org/oaie/restaurant1-Address7,,,,8358 sunset blvd. west,http://www.okkam.org/oaie/restaurant1-City7
,http://www.okkam.org/ontology_restaurant1.owl#Address,http://www.okkam.org/oaie/restaurant1-Address55,,,,30 rockefeller plaza,http://www.okkam.org/oaie/restaurant1-City55
adriano's ristorante,http://www.okkam.org/ontology_restaurant1.owl#Restaurant,http://www.okkam.org/oaie/restaurant1-Restaurant112,310/475-9807,http://www.okkam.org/oaie/restaurant1-Address112,italian,,
atlanta,http://www.okkam.org/ontology_restaurant1.owl#City,http://www.okkam.org/oaie/restaurant1-City91,,,,,
,http://www.okkam.org/ontology_restaurant1.owl#Address,http://www.okkam.org/oaie/restaurant1-Address25,,,,34 e. 61st st.,http://www.okkam.org/oaie/restaurant1-City25
new york,http://www.okkam.org/ontology_restaurant1.owl#City,http://www.okkam.org/oaie/restaurant1-City61,,,,,
georgia grille,http://www.okkam.org/ontology_restaurant1.owl#Restaurant,http://www.okkam.org/oaie/restaurant1-Restaurant81,404/352-3517,http://www.okkam.org/oaie/restaurant1-Address81,american,,
cafe bizou,http://www.okkam.org/ontology_restaurant1.owl#Restaurant,http://www.okkam.org/oaie/restaurant1-Restaurant3,818/788-3536,http://www.okkam.org/oaie/restaurant1-Address3,french,,
,http://www.okkam.org/ontology_restaurant1.owl#Address,http://www.okkam.org/oaie/restaurant1-Address97,,,,7 claude la.,http://www.okkam.org/oaie/restaurant1-City97
new york,http://www.okkam.org/ontology_restaurant1.owl#City,http://www.okkam.org/oaie/restaurant1-City31,,,,,
park avenue cafe,http://www.okkam.org/ontology_restaurant1.owl#Restaurant,http://www.okkam.org/oaie/restaurant1-Restaurant51,212/644-1900,http://www.okkam.org/oaie/restaurant1-Address51,american,,
,http://www.okkam.org/ontology_restaurant1.owl#Address,http://www.okkam.org/oaie/restaurant1-Address108,,,,3201 fillmore st.,http://www.okkam.org/oaie/restaurant1-City108
,http://www.okkam.org/ontology_restaurant1.owl#Address,http://www.okkam.org/oaie/restaurant1-Address67,,,,3200 las vegas blvd. s,http://www.okkam.org/oaie/restaurant1-City67
valentino,http://www.okkam.org/ontology_restaurant1.owl#Restaurant,http://www.okkam.org/oaie/restaurant1-Restaurant21,310/829-4313,http://www.okkam.org/oaie/restaurant1-Address21,italian,,
,http://www.okkam.org/ontology_restaurant1.owl#Address,http://www.okkam.org/oaie/restaurant1-Address37,,,,402 w. 44th st.,http://www.okkam.org/oaie/restaurant1-City37
las vegas,http://www.okkam.org/ontology_restaurant1.owl#City,http://www.okkam.org/oaie/restaurant1-City73,,,,,
veni vidi vici,http://www.okkam.org/ontology_restaurant1.owl#Restaurant,http://www.okkam.org/oaie/restaurant1-Restaurant93,404/875-8424,http://www.okkam.org/oaie/restaurant1-Address93,italian,,
bel air,http://www.okkam.org/ontology_restaurant1.owl#City,http://www.okkam.org/oaie/restaurant1-City2,,,,,
new york,http://www.okkam.org/ontology_restaurant1.owl#City,http://www.okkam.org/oaie/restaurant1-City43,,,,,
tavern on the green,http://www.okkam.org/ontology_restaurant1.owl#Restaurant,http://www.okkam.org/oaie/restaurant1-Restaurant63,212/873-3200,http://www.okkam.org/oaie/restaurant1-Address63,american,,
,http://www.okkam.org/ontology_restaurant1.owl#Address,http://www.okkam.org/oaie/restaurant1-Address79,,,,1529 piedmont ave.,http://www.okkam.org/oaie/restaurant1-City79
los angeles,http://www.okkam.org/ontology_restaurant1.owl#City,http://www.okkam.org/oaie/restaurant1-City13,,,,,
felidia,http://www.okkam.org/ontology_restaurant1.owl#Restaurant,http://www.okkam.org/oaie/restaurant1-Restaurant33,212/758-1479,http://www.okkam.org/oaie/restaurant1-Address33,italian,,
,http://www.okkam.org/ontology_restaurant1.owl#Address,http://www.okkam.org/oaie/restaurant1-Address49,,,,239 w. broadway  between walker and white sts.,http://www.okkam.org/oaie/restaurant1-City49
masa's,http://www.okkam.org/ontology_restaurant1.owl#Restaurant,http://www.okkam.org/oaie/restaurant1-Restaurant106,415/989-7154,http://www.okkam.org/oaie/restaurant1-Address106,french,,
atlanta,http://www.okkam.org/ontology_restaurant1.owl#City,http://www.okkam.org/oaie/restaurant1-City85,,,,,
,http://www.okkam.org/ontology_restaurant1.owl#Address,http://www.okkam.org/oaie/restaurant1-Address19,,,,617 s. olive st.,http://www.okkam.org/oaie/restaurant1-City19
,http://www.okkam.org/ontology_restaurant1.owl#Address,http://www.okkam.org/oaie/restaurant1-Address80,,,,1 margaret mitchell sq.,http://www.okkam.org/oaie/restaurant1-City80
san francisco,http://www.okkam.org/ontology_restaurant1.owl#City,http://www.okkam.org/oaie/restaurant1-City108,,,,,
new york,http://www.okkam.org/ontology_restaurant1.owl#City,http://www.okkam.org/oaie/restaurant1-City55,,,,,
bacchanalia,http://www.okkam.org/ontology_restaurant1.owl#Restaurant,http://www.okkam.org/oaie/restaurant1-Restaurant75,404/365-0410,http://www.okkam.org/oaie/restaurant1-Address75,international,,
,http://www.okkam.org/ontology_restaurant1.owl#Address,http://www.okkam.org/oaie/restaurant1-Address2,,,,701 stone canyon rd.,http://www.okkam.org/oaie/restaurant1-City2
,http://www.okkam.org/ontology_restaurant1.owl#Address,http://www.okkam.org/oaie/restaurant1-Address50,,,,55 e. 54th st.,http://www.okkam.org/oaie/restaurant1-City50
new york,http://www.okkam.org/ontology_restaurant1.owl#City,http://www.okkam.org/oaie/restaurant1-City25,,,,,
manhattan ocean club,http://www.okkam.org/ontology_restaurant1.owl#Restaurant,http://www.okkam.org/oaie/restaurant1-Restaurant45,212/ 371-7777,http://www.okkam.org/oaie/restaurant1-Address45,seafood,,
,http://www.okkam.org/ontology_restaurant1.owl#Address,http://www.okkam.org/oaie/restaurant1-Address20,,,,1114 horn ave.,http://www.okkam.org/oaie/restaurant1-City20
san francisco,http://www.okkam.org/ontology_restaurant1.owl#City,http://www.okkam.org/oaie/restaurant1-City97,,,,,
the palm,http://www.okkam.org/ontology_restaurant1.owl#Restaurant,http://www.okkam.org/oaie/restaurant1-Restaurant15,310/550-8811,http://www.okkam.org/oaie/restaurant1-Address15,american,,
,http://www.okkam.org/ontology_restaurant1.owl#Address,http://www.okkam.org/oaie/restaurant1-Address92,,,,b peachtree rd.,http://www.okkam.org/oaie/restaurant1-City92
las vegas,http://www.okkam.org/ontology_restaurant1.owl#City,http://www.okkam.org/oaie/restaurant1-City67,,,,,
nikolai's roof,http://www.okkam.org/ontology_restaurant1.owl#Restaurant,http://www.okkam.org/oaie/restaurant1-Restaurant87,404/221-6362,http://www.okkam.org/oaie/restaurant1-Address87,continental,,
,http://www.okkam.org/ontology_restaurant1.owl#Address,http://www.okkam.org/oaie/restaurant1-Address62,,,,201 e. 49th st.,http://www.okkam.org/oaie/restaurant1-City62
grill on the alley,http://www.okkam.org/ontology_restaurant1.owl#Restaurant,http://www.okkam.org/oaie/restaurant1-Restaurant9,310/276-0615,http://www.okkam.org/oaie/restaurant1-Address9,american,,
,http://www.okkam.org/ontology_restaurant1.owl#Address,http://www.okkam.org/oaie/restaurant1-Address103,,,,5937 geary blvd.,http://www.okkam.org/oaie/restaurant1-City103
new york,http://www.okkam.org/ontology_restaurant1.owl#City,http://www.okkam.org/oaie/restaurant1-City37,,,,,
san domenico,http://www.okkam.org/ontology_restaurant1.owl#Restaurant,http://www.okkam.org/oaie/restaurant1-Restaurant57,212/265-5959,http://www.okkam.org/oaie/restaurant1-Address57,italian,,
,http://www.okkam.org/ontology_restaurant1.owl#Address,http://www.okkam.org/oaie/restaurant1-Address32,,,,210 e. 58th st.,http://www.okkam.org/oaie/restaurant1-City32
cafe des artistes,http://www.okkam.org/ontology_restaurant1.owl#Restaurant,http://www.okkam.org/oaie/restaurant1-Restaurant27,212/877-3500,http://www.okkam.org/oaie/restaurant1-Address27,continental,,
atlanta,http://www.okkam.org/ontology_restaurant1.owl#City,http://www.okkam.org/oaie/restaurant1-City79,,,,,
chez michel,http://www.okkam.org/ontology_restaurant1.owl#Restaurant,http://www.okkam.org/oaie/restaurant1-Restaurant99,415/775-7036,http://www.okkam.org/oaie/restaurant1-Address99,french,,
malibu,http://www.okkam.org/ontology_restaurant1.owl#City,http://www.okkam.org/oaie/restaurant1-City8,,,,,
,http://www.okkam.org/ontology_restaurant1.owl#Address,http://www.okkam.org/oaie/restaurant1-Address74,,,,2355 peachtree rd.  peachtree battle shopping center,http://www.okkam.org/oaie/restaurant1-City74
new york,http://www.okkam.org/ontology_restaurant1.owl#City,http://www.okkam.org/oaie/restaurant1-City49,,,,,
le montrachet,http://www.okkam.org/ontology_restaurant1.owl#Restaurant,http://www.okkam.org/oaie/restaurant1-Restaurant69,702/732-5111,http://www.okkam.org/oaie/restaurant1-Address69,continental,,
,http://www.okkam.org/ontology_restaurant1.owl#Address,http://www.okkam.org/oaie/restaurant1-Address44,,,,249 e. 50th st.,http://www.okkam.org/oaie/restaurant1-City44
los angeles,http://www.okkam.org/ontology_restaurant1.owl#City,http://www.okkam.org/oaie/restaurant1-City19,,,,,
fringale,http://www.okkam.org/ontology_restaurant1.owl#Restaurant,http://www.okkam.org/oaie/restaurant1-Restaurant101,415/543-0573,http://www.okkam.org/oaie/restaurant1-Address101,french,,
atlanta,http://www.okkam.org/ontology_restaurant1.owl#City,http://www.okkam.org/oaie/restaurant1-City80,,,,,
la caravelle,http://www.okkam.org/ontology_restaurant1.owl#Restaurant,http://www.okkam.org/oaie/restaurant1-Restaurant39,212/586-4252,http://www.okkam.org/oaie/restaurant1-Address39,french,,
,http://www.okkam.org/ontology_restaurant1.owl#Address,http://www.okkam.org/oaie/restaurant1-Address14,,,,129 n. la cienega blvd.,http://www.okkam.org/oaie/restaurant1-City14
san francisco,http://www.okkam.org/ontology_restaurant1.owl#City,http://www.okkam.org/oaie/restaurant1-City103,,,,,
new york,http://www.okkam.org/ontology_restaurant1.owl#City,http://www.okkam.org/oaie/restaurant1-City50,,,,,
palace court,http://www.okkam.org/ontology_restaurant1.owl#Restaurant,http://www.okkam.org/oaie/restaurant1-Restaurant70,702/731-7547,http://www.okkam.org/oaie/restaurant1-Address70,continental,,
,http://www.okkam.org/ontology_restaurant1.owl#Address,http://www.okkam.org/oaie/restaurant1-Address86,,,,224 ponce de leon ave.,http://www.okkam.org/oaie/restaurant1-City86
los angeles,http://www.okkam.org/ontology_restaurant1.owl#City,http://www.okkam.org/oaie/restaurant1-City20,,,,,
la cote basque,http://www.okkam.org/ontology_restaurant1.owl#Restaurant,http://www.okkam.org/oaie/restaurant1-Restaurant40,212/688-6525,http://www.okkam.org/oaie/restaurant1-Address40,french,,
,http://www.okkam.org/ontology_restaurant1.owl#Address,http://www.okkam.org/oaie/restaurant1-Address8,,,,23725 w. malibu rd.,http://www.okkam.org/oaie/restaurant1-City8
,http://www.okkam.org/ontology_restaurant1.owl#Address,http://www.okkam.org/oaie/restaurant1-Address56,,,,1 water st. at the east river,http://www.okkam.org/oaie/restaurant1-City56
atlanta,http://www.okkam.org/ontology_restaurant1.owl#City,http://www.okkam.org/oaie/restaurant1-City92,,,,,
restaurant katsu,http://www.okkam.org/ontology_restaurant1.owl#Restaurant,http://www.okkam.org/oaie/restaurant1-Restaurant10,213/665-1891,http://www.okkam.org/oaie/restaurant1-Address10,asian,,
,http://www.okkam.org/ontology_restaurant1.owl#Address,http://www.okkam.org/oaie/restaurant1-Address26,,,,201 w. 83rd st.,http://www.okkam.org/oaie/restaurant1-City26
new york,http://www.okkam.org/ontology_restaurant1.owl#City,http://www.okkam.org/oaie/restaurant1-City62,,,,,
hedgerose heights inn,http://www.okkam.org/ontology_restaurant1.owl#Restaurant,http://www.okkam.org/oaie/restaurant1-Restaurant82,404/233-7673,http://www.okkam.org/oaie/restaurant1-Address82,international,,
campanile,http://www.okkam.org/ontology_restaurant1.owl#Restaurant,http://www.okkam.org/oaie/restaurant1-Restaurant4,213/938-1447,http://www.okkam.org/oaie/restaurant1-Address4,american,,
,http://www.okkam.org/ontology_restaurant1.owl#Address,http://www.okkam.org/oaie/restaurant1-Address98,,,,340 stockton st.,http://www.okkam.org/oaie/restaurant1-City98
new york,http://www.okkam.org/ontology_restaurant1.owl#City,http://www.okkam.org/oaie/restaurant1-City32,,,,,
petrossian,http://www.okkam.org/ontology_restaurant1.owl#Restaurant,http://www.okkam.org/oaie/restaurant1-Restaurant52,212/245-2214,http://www.okkam.org/oaie/restaurant1-Address52,french,,
,http://www.okkam.org/ontology_restaurant1.owl#Address,http://www.okkam.org/oaie/restaurant1-Address109,,,,545 post st.,http://www.okkam.org/oaie/restaurant1-City109
,http://www.okkam.org/ontology_restaurant1.owl#Address,http://www.okkam.org/oaie/restaurant1-Address68,,,,3799 las vegas blvd. s,http://www.okkam.org/oaie/restaurant1-City68
yujean kang's gourmet chinese cuisine,http://www.okkam.org/ontology_restaurant1.owl#Restaurant,http://www.okkam.org/oaie/restaurant1-Restaurant22,818/585-0855,http://www.okkam.org/oaie/restaurant1-Address22,asian,,
,http://www.okkam.org/ontology_restaurant1.owl#Address,http://www.okkam.org/oaie/restaurant1-Address38,,,,160 e. 64th st.,http://www.okkam.org/oaie/restaurant1-City38
atlanta,http://www.okkam.org/ontology_restaurant1.owl#City,http://www.okkam.org/oaie/restaurant1-City74,,,,,
alain rondelli,http://www.okkam.org/ontology_restaurant1.owl#Restaurant,http://www.okkam.org/oaie/restaurant1-Restaurant94,415/387-0408,http://www.okkam.org/oaie/restaurant1-Address94,french,,
sherman oaks,http://www.okkam.org/ontology_restaurant1.owl#City,http://www.okkam.org/oaie/restaurant1-City3,,,,,
,http://www.okkam.org/ontology_restaurant1.owl#Address,http://www.okkam.org/oaie/restaurant1-Address110,,,,600 stockton st.,http://www.okkam.org/oaie/restaurant1-City110
new york,http://www.okkam.org/ontology_restaurant1.owl#City,http://www.okkam.org/oaie/restaurant1-City44,,,,,
uncle nick's,http://www.okkam.org/ontology_restaurant1.owl#Restaurant,http://www.okkam.org/oaie/restaurant1-Restaurant64,212/315-1726,http://www.okkam.org/oaie/restaurant1-Address64,mediterranean,,
beverly hills,http://www.okkam.org/ontology_restaurant1.owl#City,http://www.okkam.org/oaie/restaurant1-City14,,,,,
four seasons grill room,http://www.okkam.org/ontology_restaurant1.owl#Restaurant,http://www.okkam.org/oaie/restaurant1-Restaurant34,212/754-9494,http://www.okkam.org/oaie/restaurant1-Address34,american,,
mifune japan center  kintetsu building,http://www.okkam.org/ontology_restaurant1.owl#Restaurant,http://www.okkam.org/oaie/restaurant1-Restaurant107,415/922-0337,http://www.okkam.org/oaie/restaurant1-Address107,asian,,
atlanta,http://www.okkam.org/ontology_restaurant1.owl#City,http://www.okkam.org/oaie/restaurant1-City86,,,,,
,http://www.okkam.org/ontology_restaurant1.owl#Address,http://www.okkam.org/oaie/restaurant1-Address81,,,,2290 peachtree rd.  peachtree square shopping center,http://www.okkam.org/oaie/restaurant1-City81
san francisco,http://www.okkam.org/ontology_restaurant1.owl#City,http://www.okkam.org/oaie/restaurant1-City109,,,,,
brooklyn,http://www.okkam.org/ontology_restaurant1.owl#City,http://www.okkam.org/oaie/restaurant1-City56,,,,,
bone's,http://www.okkam.org/ontology_restaurant1.owl#Restaurant,http://www.okkam.org/oaie/restaurant1-Restaurant76,404/237-2663,http://www.okkam.org/oaie/restaurant1-Address76,american,,
,http://www.okkam.org/ontology_restaurant1.owl#Address,http://www.okkam.org/oaie/restaurant1-Address3,,,,14016 ventura blvd.,http://www.okkam.org/oaie/restaurant1-City3
,http://www.okkam.org/ontology_restaurant1.owl#Address,http://www.okkam.org/oaie/restaurant1-Address51,,,,100 e. 63rd st.,http://www.okkam.org/oaie/restaurant1-City51
new york,http://www.okkam.org/ontology_restaurant1.owl#City,http://www.okkam.org/oaie/restaurant1-City26,,,,,
march,http://www.okkam.org/ontology_restaurant1.owl#Restaurant,http://www.okkam.org/oaie/restaurant1-Restaurant46,212/754-6272,http://www.okkam.org/oaie/restaurant1-Address46,american,,
,http://www.okkam.org/ontology_restaurant1.owl#Address,http://www.okkam.org/oaie/restaurant1-Address21,,,,3115 pico blvd.,http://www.okkam.org/oaie/restaurant1-City21
san francisco,http://www.okkam.org/ontology_restaurant1.owl#City,http://www.okkam.org/oaie/restaurant1-City110,,,,,
san francisco,http://www.okkam.org/ontology_restaurant1.owl#City,http://www.okkam.org/oaie/restaurant1-City98,,,,,
patina,http://www.okkam.org/ontology_restaurant1.owl#Restaurant,http://www.okkam.org/oaie/restaurant1-Restaurant16,213/467-1108,http://www.okkam.org/oaie/restaurant1-Address16,californian,,
,http://www.okkam.org/ontology_restaurant1.owl#Address,http://www.okkam.org/oaie/restaurant1-Address93,,,,41 14th st.,http://www.okkam.org/oaie/restaurant1-City93
las vegas,http://www.okkam.org/ontology_restaurant1.owl#City,http://www.okkam.org/oaie/restaurant1-City68,,,,,
pano's and paul's,http://www.okkam.org/ontology_restaurant1.owl#Restaurant,http://www.okkam.org/oaie/restaurant1-Restaurant88,404/261-3662,http://www.okkam.org/oaie/restaurant1-Address88,international,,
,http://www.okkam.org/ontology_restaurant1.owl#Address,http://www.okkam.org/oaie/restaurant1-Address104,,,,2316 polk st.,http://www.okkam.org/oaie/restaurant1-City104
,http://www.okkam.org/ontology_restaurant1.owl#Address,http://www.okkam.org/oaie/restaurant1-Address63,,,,in central park at 67th st.,http://www.okkam.org/oaie/restaurant1-City63
new york,http://www.okkam.org/ontology_restaurant1.owl#City,http://www.okkam.org/oaie/restaurant1-City38,,,,,
second avenue deli,http://www.okkam.org/ontology_restaurant1.owl#Restaurant,http://www.okkam.org/oaie/restaurant1-Restaurant58,212/677-0606,http://www.okkam.org/oaie/restaurant1-Address58,delicatessen,,
,http://www.okkam.org/ontology_restaurant1.owl#Address,http://www.okkam.org/oaie/restaurant1-Address33,,,,243 e. 58th st.,http://www.okkam.org/oaie/restaurant1-City33
carmine's,http://www.okkam.org/ontology_restaurant1.owl#Restaurant,http://www.okkam.org/oaie/restaurant1-Restaurant28,212/362-2200,http://www.okkam.org/oaie/restaurant1-Address28,italian,,
los angeles,http://www.okkam.org/ontology_restaurant1.owl#City,http://www.okkam.org/oaie/restaurant1-City9,,,,,
,http://www.okkam.org/ontology_restaurant1.owl#Address,http://www.okkam.org/oaie/restaurant1-Address75,,,,3125 piedmont rd.  near peachtree rd.,http://www.okkam.org/oaie/restaurant1-City75
,http://www.okkam.org/ontology_restaurant1.owl#Address,http://www.okkam.org/oaie/restaurant1-Address45,,,,57 w. 58th st.,http://www.okkam.org/oaie/restaurant1-City45
hawthorne lane,http://www.okkam.org/ontology_restaurant1.owl#Restaurant,http://www.okkam.org/oaie/restaurant1-Restaurant102,415/777-9779,http://www.okkam.org/oaie/restaurant1-Address102,american,,
atlanta,http://www.okkam.org/ontology_restaurant1.owl#City,http://www.okkam.org/oaie/restaurant1-City81,,,,,
,http://www.okkam.org/ontology_restaurant1.owl#Address,http://www.okkam.org/oaie/restaurant1-Address15,,,,9001 santa monica blvd.,http://www.okkam.org/oaie/restaurant1-City15
san francisco,http://www.okkam.org/ontology_restaurant1.owl#City,http://www.okkam.org/oaie/restaurant1-City104,,,,,
new york,http://www.okkam.org/ontology_restaurant1.owl#City,http://www.okkam.org/oaie/restaurant1-City51,,,,,
second street grille,http://www.okkam.org/ontology_restaurant1.owl#Restaurant,http://www.okkam.org/oaie/restaurant1-Restaurant71,702/385-3232,http://www.okkam.org/oaie/restaurant1-Address71,seafood,,
,http://www.okkam.org/ontology_restaurant1.owl#Address,http://www.okkam.org/oaie/restaurant1-Address87,,,,255 courtland st.  at harris st.,http://www.okkam.org/oaie/restaurant1-City87
santa monica,http://www.okkam.org/ontology_restaurant1.owl#City,http://www.okkam.org/oaie/restaurant1-City21,,,,,
le bernardin,http://www.okkam.org/ontology_restaurant1.owl#Restaurant,http://www.okkam.org/oaie/restaurant1-Restaurant41,212/489-1515,http://www.okkam.org/oaie/restaurant1-Address41,french,,
,http://www.okkam.org/ontology_restaurant1.owl#Address,http://www.okkam.org/oaie/restaurant1-Address9,,,,9560 dayton way,http://www.okkam.org/oaie/restaurant1-City9
,http://www.okkam.org/ontology_restaurant1.owl#Address,http://www.okkam.org/oaie/restaurant1-Address57,,,,240 central park s,http://www.okkam.org/oaie/restaurant1-City57
atlanta,http://www.okkam.org/ontology_restaurant1.owl#City,http://www.okkam.org/oaie/restaurant1-City93,,,,,
l'orangerie,http://www.okkam.org/ontology_restaurant1.owl#Restaurant,http://www.okkam.org/oaie/restaurant1-Restaurant11,310/652-9770,http://www.okkam.org/oaie/restaurant1-Address11,french,,
,http://www.okkam.org/ontology_restaurant1.owl#Address,http://www.okkam.org/oaie/restaurant1-Address27,,,,1 w. 67th st.,http://www.okkam.org/oaie/restaurant1-City27
new york,http://www.okkam.org/ontology_restaurant1.owl#City,http://www.okkam.org/oaie/restaurant1-City63,,,,,
heera of india,http://www.okkam.org/ontology_restaurant1.owl#Restaurant,http://www.okkam.org/oaie/restaurant1-Restaurant83,404/876-4408,http://www.okkam.org/oaie/restaurant1-Address83,asian,,
chinois on main,http://www.okkam.org/ontology_restaurant1.owl#Restaurant,http://www.okkam.org/oaie/restaurant1-Restaurant5,310/392-9025,http://www.okkam.org/oaie/restaurant1-Address5,french,,
,http://www.okkam.org/ontology_restaurant1.owl#Address,http://www.okkam.org/oaie/restaurant1-Address99,,,,804 northpoint,http://www.okkam.org/oaie/restaurant1-City99
new york,http://www.okkam.org/ontology_restaurant1.owl#City,http://www.okkam.org/oaie/restaurant1-City33,,,,,
picholine,http://www.okkam.org/ontology_restaurant1.owl#Restaurant,http://www.okkam.org/oaie/restaurant1-Restaurant53,212/724-8585,http://www.okkam.org/oaie/restaurant1-Address53,mediterranean,,
,http://www.okkam.org/ontology_restaurant1.owl#Address,http://www.okkam.org/oaie/restaurant1-Address69,,,,3000 w. paradise rd.,http://www.okkam.org/oaie/restaurant1-City69
21 club,http://www.okkam.org/ontology_restaurant1.owl#Restaurant,http://www.okkam.org/oaie/restaurant1-Restaurant23,212/582-7200,http://www.okkam.org/oaie/restaurant1-Address23,american,,
,http://www.okkam.org/ontology_restaurant1.owl#Address,http://www.okkam.org/oaie/restaurant1-Address39,,,,33 w. 55th st.,http://www.okkam.org/oaie/restaurant1-City39
atlanta,http://www.okkam.org/ontology_restaurant1.owl#City,http://www.okkam.org/oaie/restaurant1-City75,,,,,
aqua,http://www.okkam.org/ontology_restaurant1.owl#Restaurant,http://www.okkam.org/oaie/restaurant1-Restaurant95,415/956-9662,http://www.okkam.org/oaie/restaurant1-Address95,seafood,,
los angeles,http://www.okkam.org/ontology_restaurant1.owl#City,http://www.okkam.org/oaie/restaurant1-City4,,,,,
,http://www.okkam.org/ontology_restaurant1.owl#Address,http://www.okkam.org/oaie/restaurant1-Address111,,,,532 columbus ave.,http://www.okkam.org/oaie/restaurant1-City111
,http://www.okkam.org/ontology_restaurant1.owl#Address,http://www.okkam.org/oaie/restaurant1-Address70,,,,3570 las vegas blvd. s,http://www.okkam.org/oaie/restaurant1-City70
new york,http://www.okkam.org/ontology_restaurant1.owl#City,http://www.okkam.org/oaie/restaurant1-City45,,,,,
union square cafe,http://www.okkam.org/ontology_restaurant1.owl#Restaurant,http://www.okkam.org/oaie/restaurant1-Restaurant65,212/243-4020,http://www.okkam.org/oaie/restaurant1-Address65,american,,
,http://www.okkam.org/ontology_restaurant1.owl#Address,http://www.okkam.org/oaie/restaurant1-Address40,,,,60 w. 55th st.  between 5th and 6th ave.,http://www.okkam.org/oaie/restaurant1-City40
los angeles,http://www.okkam.org/ontology_restaurant1.owl#City,http://www.okkam.org/oaie/restaurant1-City15,,,,,
gotham bar & grill,http://www.okkam.org/ontology_restaurant1.owl#Restaurant,http://www.okkam.org/oaie/restaurant1-Restaurant35,212/620-4020,http://www.okkam.org/oaie/restaurant1-Address35,american,,
,http://www.okkam.org/ontology_restaurant1.owl#Address,http://www.okkam.org/oaie/restaurant1-Address10,,,,1972 n. hillhurst ave.,http://www.okkam.org/oaie/restaurant1-City10
plumpjack cafe,http://www.okkam.org/ontology_restaurant1.owl#Restaurant,http://www.okkam.org/oaie/restaurant1-Restaurant108,415/563-4755,http://www.okkam.org/oaie/restaurant1-Address108,mediterranean,,
atlanta,http://www.okkam.org/ontology_restaurant1.owl#City,http://www.okkam.org/oaie/restaurant1-City87,,,,,
,http://www.okkam.org/ontology_restaurant1.owl#Address,http://www.okkam.org/oaie/restaurant1-Address82,,,,490 e. paces ferry rd.,http://www.okkam.org/oaie/restaurant1-City82
new york,http://www.okkam.org/ontology_restaurant1.owl#City,http://www.okkam.org/oaie/restaurant1-City57,,,,,
brasserie le coze,http://www.okkam.org/ontology_restaurant1.owl#Restaurant,http://www.okkam.org/oaie/restaurant1-Restaurant77,404/266-1440,http://www.okkam.org/oaie/restaurant1-Address77,french,,
,http://www.okkam.org/ontology_restaurant1.owl#Address,http://www.okkam.org/oaie/restaurant1-Address4,,,,624 s. la brea ave.,http://www.okkam.org/oaie/restaurant1-City4
,http://www.okkam.org/ontology_restaurant1.owl#Address,http://www.okkam.org/oaie/restaurant1-Address52,,,,182 w. 58th st.,http://www.okkam.org/oaie/restaurant1-City52
new york,http://www.okkam.org/ontology_restaurant1.owl#City,http://www.okkam.org/oaie/restaurant1-City27,,,,,
mesa grill,http://www.okkam.org/ontology_restaurant1.owl#Restaurant,http://www.okkam.org/oaie/restaurant1-Restaurant47,212/807-7400,http://www.okkam.org/oaie/restaurant1-Address47,american,,
,http://www.okkam.org/ontology_restaurant1.owl#Address,http://www.okkam.org/oaie/restaurant1-Address22,,,,67 n. raymond ave.,http://www.okkam.org/oaie/restaurant1-City22
san francisco,http://www.okkam.org/ontology_restaurant1.owl#City,http://www.okkam.org/oaie/restaurant1-City111,,,,,
san francisco,http://www.okkam.org/ontology_restaurant1.owl#City,http://www.okkam.org/oaie/restaurant1-City99,,,,,
philippe's the original,http://www.okkam.org/ontology_restaurant1.owl#Restaurant,http://www.okkam.org/oaie/restaurant1-Restaurant17,213/628-3781,http://www.okkam.org/oaie/restaurant1-Address17,american,,
arnie morton's of chicago,http://www.okkam.org/ontology_restaurant1.owl#Restaurant,http://www.okkam.org/oaie/restaurant1-Restaurant0,310/246-1501,http://www.okkam.org/oaie/restaurant1-Address0,american,,
,http://www.okkam.org/ontology_restaurant1.owl#Address,http://www.okkam.org/oaie/restaurant1-Address94,,,,126 clement st.,http://www.okkam.org/oaie/restaurant1-City94
las vegas,http://www.okkam.org/ontology_restaurant1.owl#City,http://www.okkam.org/oaie/restaurant1-City69,,,,,
cafe  ritz-carlton  buckhead,http://www.okkam.org/ontology_restaurant1.owl#Restaurant,http://www.okkam.org/oaie/restaurant1-Restaurant89,404/237-2700,http://www.okkam.org/oaie/restaurant1-Address89,ext 6108 international,,
,http://www.okkam.org/ontology_restaurant1.owl#Address,http://www.okkam.org/oaie/restaurant1-Address105,,,,816 folsom st.,http://www.okkam.org/oaie/restaurant1-City105
,http://www.okkam.org/ontology_restaurant1.owl#Address,http://www.okkam.org/oaie/restaurant1-Address64,,,,747 9th ave.  between 50th and 51st sts.,http://www.okkam.org/oaie/restaurant1-City64
new york,http://www.okkam.org/ontology_restaurant1.owl#City,http://www.okkam.org/oaie/restaurant1-City39,,,,,
seryna,http://www.okkam.org/ontology_restaurant1.owl#Restaurant,http://www.okkam.org/oaie/restaurant1-Restaurant59,212/980-9393,http://www.okkam.org/oaie/restaurant1-Address59,asian,,
,http://www.okkam.org/ontology_restaurant1.owl#Address,http://www.okkam.org/oaie/restaurant1-Address34,,,,99 e. 52nd st.,http://www.okkam.org/oaie/restaurant1-City34
las vegas,http://www.okkam.org/ontology_restaurant1.owl#City,http://www.okkam.org/oaie/restaurant1-City70,,,,,
carnegie deli,http://www.okkam.org/ontology_restaurant1.owl#Restaurant,http://www.okkam.org/oaie/restaurant1-Restaurant29,212/757-2245,http://www.okkam.org/oaie/restaurant1-Address29,delicatessen,,
dining room  ritz-carlton  buckhead,http://www.okkam.org/ontology_restaurant1.owl#Restaurant,http://www.okkam.org/oaie/restaurant1-Restaurant90,404/237-2700,http://www.okkam.org/oaie/restaurant1-Address90,international,,
new york,http://www.okkam.org/ontology_restaurant1.owl#City,http://www.okkam.org/oaie/restaurant1-City40,,,,,
shun lee west,http://www.okkam.org/ontology_restaurant1.owl#Restaurant,http://www.okkam.org/oaie/restaurant1-Restaurant60,212/371-8844,http://www.okkam.org/oaie/restaurant1-Address60,asian,,
,http://www.okkam.org/ontology_restaurant1.owl#Address,http://www.okkam.org/oaie/restaurant1-Address76,,,,3130 piedmont road,http://www.okkam.org/oaie/restaurant1-City76
los angeles,http://www.okkam.org/ontology_restaurant1.owl#City,http://www.okkam.org/oaie/restaurant1-City10,,,,,
chanterelle,http://www.okkam.org/ontology_restaurant1.owl#Restaurant,http://www.okkam.org/oaie/restaurant1-Restaurant30,212/966-6960,http://www.okkam.org/oaie/restaurant1-Address30,american,,
,http://www.okkam.org/ontology_restaurant1.owl#Address,http://www.okkam.org/oaie/restaurant1-Address46,,,,405 e. 58th st.,http://www.okkam.org/oaie/restaurant1-City46
khan toke thai house,http://www.okkam.org/ontology_restaurant1.owl#Restaurant,http://www.okkam.org/oaie/restaurant1-Restaurant103,415/668-6654,http://www.okkam.org/oaie/restaurant1-Address103,asian,,
atlanta,http://www.okkam.org/ontology_restaurant1.owl#City,http://www.okkam.org/oaie/restaurant1-City82,,,,,
,http://www.okkam.org/ontology_restaurant1.owl#Address,http://www.okkam.org/oaie/restaurant1-Address16,,,,5955 melrose ave.,http://www.okkam.org/oaie/restaurant1-City16
san francisco,http://www.okkam.org/ontology_restaurant1.owl#City,http://www.okkam.org/oaie/restaurant1-City105,,,,,
new york,http://www.okkam.org/ontology_restaurant1.owl#City,http://www.okkam.org/oaie/restaurant1-City52,,,,,
steak house,http://www.okkam.org/ontology_restaurant1.owl#Restaurant,http://www.okkam.org/oaie/restaurant1-Restaurant72,702/734-0410,http://www.okkam.org/oaie/restaurant1-Address72,steak houses,,
,http://www.okkam.org/ontology_restaurant1.owl#Address,http://www.okkam.org/oaie/restaurant1-Address88,,,,1232 w. paces ferry rd.,http://www.okkam.org/oaie/restaurant1-City88
los angeles,http://www.okkam.org/ontology_restaurant1.owl#City,http://www.okkam.org/oaie/restaurant1-City22,,,,,
les celebrites,http://www.okkam.org/ontology_restaurant1.owl#Restaurant,http://www.okkam.org/oaie/restaurant1-Restaurant42,212/484-5113,http://www.okkam.org/oaie/restaurant1-Address42,french,,
,http://www.okkam.org/ontology_restaurant1.owl#Address,http://www.okkam.org/oaie/restaurant1-Address58,,,,156 2nd ave. at 10th st.,http://www.okkam.org/oaie/restaurant1-City58
le chardonnay,http://www.okkam.org/ontology_restaurant1.owl#Restaurant,http://www.okkam.org/oaie/restaurant1-Restaurant12,213/655-8880,http://www.okkam.org/oaie/restaurant1-Address12,french,,
san francisco,http://www.okkam.org/ontology_restaurant1.owl#City,http://www.okkam.org/oaie/restaurant1-City94,,,,,
,http://www.okkam.org/ontology_restaurant1.owl#Address,http://www.okkam.org/oaie/restaurant1-Address28,,,,2450 broadway  between 90th and 91st sts.,http://www.okkam.org/oaie/restaurant1-City28
new york,http://www.okkam.org/ontology_restaurant1.owl#City,http://www.okkam.org/oaie/restaurant1-City64,,,,,
indigo coastal grill,http://www.okkam.org/ontology_restaurant1.owl#Restaurant,http://www.okkam.org/oaie/restaurant1-Restaurant84,404/876-0676,http://www.okkam.org/oaie/restaurant1-Address84,caribbean,,
citrus,http://www.okkam.org/ontology_restaurant1.owl#Restaurant,http://www.okkam.org/oaie/restaurant1-Restaurant6,213/857-0034,http://www.okkam.org/oaie/restaurant1-Address6,californian,,
,http://www.okkam.org/ontology_restaurant1.owl#Address,http://www.okkam.org/oaie/restaurant1-Address100,,,,777 sutter st.,http://www.okkam.org/oaie/restaurant1-City100
new york,http://www.okkam.org/ontology_restaurant1.owl#City,http://www.okkam.org/oaie/restaurant1-City34,,,,,
pisces,http://www.okkam.org/ontology_restaurant1.owl#Restaurant,http://www.okkam.org/oaie/restaurant1-Restaurant54,212/260-6660,http://www.okkam.org/oaie/restaurant1-Address54,seafood,,
aquavit,http://www.okkam.org/ontology_restaurant1.owl#Restaurant,http://www.okkam.org/oaie/restaurant1-Restaurant24,212/307-7311,http://www.okkam.org/oaie/restaurant1-Address24,continental,,
atlanta,http://www.okkam.org/ontology_restaurant1.owl#City,http://www.okkam.org/oaie/restaurant1-City76,,,,,
boulevard,http://www.okkam.org/ontology_restaurant1.owl#Restaurant,http://www.okkam.org/oaie/restaurant1-Restaurant96,415/543-6084,http://www.okkam.org/oaie/restaurant1-Address96,american,,
santa monica,http://www.okkam.org/ontology_restaurant1.owl#City,http://www.okkam.org/oaie/restaurant1-City5,,,,,
,http://www.okkam.org/ontology_restaurant1.owl#Address,http://www.okkam.org/oaie/restaurant1-Address71,,,,200 e. fremont st.,http://www.okkam.org/oaie/restaurant1-City71
,http://www.okkam.org/ontology_restaurant1.owl#Address,http://www.okkam.org/oaie/restaurant1-Address112,,,,2930 beverly glen circle,http://www.okkam.org/oaie/restaurant1-City112
new york,http://www.okkam.org/ontology_restaurant1.owl#City,http://www.okkam.org/oaie/restaurant1-City46,,,,,
virgil's,http://www.okkam.org/ontology_restaurant1.owl#Restaurant,http://www.okkam.org/oaie/restaurant1-Restaurant66,212/ 921-9494,http://www.okkam.org/oaie/restaurant1-Address66,american,,
,http://www.okkam.org/ontology_restaurant1.owl#Address,http://www.okkam.org/oaie/restaurant1-Address41,,,,155 w. 51st st.,http://www.okkam.org/oaie/restaurant1-City41
los angeles,http://www.okkam.org/ontology_restaurant1.owl#City,http://www.okkam.org/oaie/restaurant1-City16,,,,,
gramercy tavern,http://www.okkam.org/ontology_restaurant1.owl#Restaurant,http://www.okkam.org/oaie/restaurant1-Restaurant36,212/477-0777,http://www.okkam.org/oaie/restaurant1-Address36,american,,
,http://www.okkam.org/ontology_restaurant1.owl#Address,http://www.okkam.org/oaie/restaurant1-Address11,,,,903 n. la cienega blvd.,http://www.okkam.org/oaie/restaurant1-City11
san francisco,http://www.okkam.org/ontology_restaurant1.owl#City,http://www.okkam.org/oaie/restaurant1-City100,,,,,
postrio,http://www.okkam.org/ontology_restaurant1.owl#Restaurant,http://www.okkam.org/oaie/restaurant1-Restaurant109,415/776-7825,http://www.okkam.org/oaie/restaurant1-Address109,american,,
atlanta,http://www.okkam.org/ontology_restaurant1.owl#City,http://www.okkam.org/oaie/restaurant1-City88,,,,,
,http://www.okkam.org/ontology_restaurant1.owl#Address,http://www.okkam.org/oaie/restaurant1-Address83,,,,595 piedmont ave.  rio shopping mall,http://www.okkam.org/oaie/restaurant1-City83
new york,http://www.okkam.org/ontology_restaurant1.owl#City,http://www.okkam.org/oaie/restaurant1-City58,,,,,
buckhead diner,http://www.okkam.org/ontology_restaurant1.owl#Restaurant,http://www.okkam.org/oaie/restaurant1-Restaurant78,404/262-3336,http://www.okkam.org/oaie/restaurant1-Address78,american,,
,http://www.okkam.org/ontology_restaurant1.owl#Address,http://www.okkam.org/oaie/restaurant1-Address5,,,,2709 main st.,http://www.okkam.org/oaie/restaurant1-City5
,http://www.okkam.org/ontology_restaurant1.owl#Address,http://www.okkam.org/oaie/restaurant1-Address53,,,,35 w. 64th st.,http://www.okkam.org/oaie/restaurant1-City53
new york,http://www.okkam.org/ontology_restaurant1.owl#City,http://www.okkam.org/oaie/restaurant1-City28,,,,,
ritz-carlton restaurant and dining room,http://www.okkam.org/ontology_restaurant1.owl#Restaurant,http://www.okkam.org/oaie/restaurant1-Restaurant110,415/296-7465,http://www.okkam.org/oaie/restaurant1-Address110,american,,
mi cocina,http://www.okkam.org/ontology_restaurant1.owl#Restaurant,http://www.okkam.org/oaie/restaurant1-Restaurant48,212/627-8273,http://www.okkam.org/oaie/restaurant1-Address48,mexican,,
,http://www.okkam.org/ontology_restaurant1.owl#Address,http://www.okkam.org/oaie/restaurant1-Address23,,,,21 w. 52nd st.,http://www.okkam.org/oaie/restaurant1-City23
los angeles,http://www.okkam.org/ontology_restaurant1.owl#City,http://www.okkam.org/oaie/restaurant1-City112,,,,,
pinot bistro,http://www.okkam.org/ontology_restaurant1.owl#Restaurant,http://www.okkam.org/oaie/restaurant1-Restaurant18,818/990-0500,http://www.okkam.org/oaie/restaurant1-Address18,french,,
art's delicatessen,http://www.okkam.org/ontology_restaurant1.owl#Restaurant,http://www.okkam.org/oaie/restaurant1-Restaurant1,818/762-1221,http://www.okkam.org/oaie/restaurant1-Address1,american,,
,http://www.okkam.org/ontology_restaurant1.owl#Address,http://www.okkam.org/oaie/restaurant1-Address95,,,,252 california st.,http://www.okkam.org/oaie/restaurant1-City95
,http://www.okkam.org/ontology_restaurant1.owl#Address,http://www.okkam.org/oaie/restaurant1-Address106,,,,648 bush st.,http://www.okkam.org/oaie/restaurant1-City106
,http://www.okkam.org/ontology_restaurant1.owl#Address,http://www.okkam.org/oaie/restaurant1-Address65,,,,21 e. 16th st.,http://www.okkam.org/oaie/restaurant1-City65
,http://www.okkam.org/ontology_restaurant1.owl#Address,http://www.okkam.org/oaie/restaurant1-Address35,,,,12 e. 12th st.,http://www.okkam.org/oaie/restaurant1-City35
las vegas,http://www.okkam.org/ontology_restaurant1.owl#City,http://www.okkam.org/oaie/restaurant1-City71,,,,,
restaurant  ritz-carlton  atlanta,http://www.okkam.org/ontology_restaurant1.owl#Restaurant,http://www.okkam.org/oaie/restaurant1-Restaurant91,404/659-0400,http://www.okkam.org/oaie/restaurant1-Address91,continental,,
los angeles,http://www.okkam.org/ontology_restaurant1.owl#City,http://www.okkam.org/oaie/restaurant1-City0,,,,,
new york,http://www.okkam.org/ontology_restaurant1.owl#City,http://www.okkam.org/oaie/restaurant1-City41,,,,,
sign of the dove,http://www.okkam.org/ontology_restaurant1.owl#Restaurant,http://www.okkam.org/oaie/restaurant1-Restaurant61,212/861-8080,http://www.okkam.org/oaie/restaurant1-Address61,american,,
,http://www.okkam.org/ontology_restaurant1.owl#Address,http://www.okkam.org/oaie/restaurant1-Address77,,,,3393 peachtree rd.  lenox square mall  near neiman marcus,http://www.okkam.org/oaie/restaurant1-City77
los angeles,http://www.okkam.org/ontology_restaurant1.owl#City,http://www.okkam.org/oaie/restaurant1-City11,,,,,
daniel,http://www.okkam.org/ontology_restaurant1.owl#Restaurant,http://www.okkam.org/oaie/restaurant1-Restaurant31,212/288-0033,http://www.okkam.org/oaie/restaurant1-Address31,french,,
,http://www.okkam.org/ontology_restaurant1.owl#Address,http://www.okkam.org/oaie/restaurant1-Address47,,,,102 5th ave.  between 15th and 16th sts.,http://www.okkam.org/oaie/restaurant1-City47
la folie,http://www.okkam.org/ontology_restaurant1.owl#Restaurant,http://www.okkam.org/oaie/restaurant1-Restaurant104,415/776-5577,http://www.okkam.org/oaie/restaurant1-Address104,french,,
atlanta,http://www.okkam.org/ontology_restaurant1.owl#City,http://www.okkam.org/oaie/restaurant1-City83,,,,,
,http://www.okkam.org/ontology_restaurant1.owl#Address,http://www.okkam.org/oaie/restaurant1-Address17,,,,1001 n. alameda st.,http://www.okkam.org/oaie/restaurant1-City17
san francisco,http://www.okkam.org/ontology_restaurant1.owl#City,http://www.okkam.org/oaie/restaurant1-City106,,,,,
new york,http://www.okkam.org/ontology_restaurant1.owl#City,http://www.okkam.org/oaie/restaurant1-City53,,,,,
tillerman,http://www.okkam.org/ontology_restaurant1.owl#Restaurant,http://www.okkam.org/oaie/restaurant1-Restaurant73,702/731-4036,http://www.okkam.org/oaie/restaurant1-Address73,seafood,,
,http://www.okkam.org/ontology_restaurant1.owl#Address,http://www.okkam.org/oaie/restaurant1-Address0,,,,435 s. la cienega blv.,http://www.okkam.org/oaie/restaurant1-City0
,http://www.okkam.org/ontology_restaurant1.owl#Address,http://www.okkam.org/oaie/restaurant1-Address89,,,,3434 peachtree rd.,http://www.okkam.org/oaie/restaurant1-City89
new york,http://www.okkam.org/ontology_restaurant1.owl#City,http://www.okkam.org/oaie/restaurant1-City23,,,,,
lespinasse,http://www.okkam.org/ontology_restaurant1.owl#Restaurant,http://www.okkam.org/oaie/restaurant1-Restaurant43,212/339-6719,http://www.okkam.org/oaie/restaurant1-Address43,american,,
,http://www.okkam.org/ontology_restaurant1.owl#Address,http://www.okkam.org/oaie/restaurant1-Address59,,,,11 e. 53rd st.,http://www.okkam.org/oaie/restaurant1-City59
san francisco,http://www.okkam.org/ontology_restaurant1.owl#City,http://www.okkam.org/oaie/restaurant1-City95,,,,,
locanda veneta,http://www.okkam.org/ontology_restaurant1.owl#Restaurant,http://www.okkam.org/oaie/restaurant1-Restaurant13,310/274-1893,http://www.okkam.org/oaie/restaurant1-Address13,italian,,
,http://www.okkam.org/ontology_restaurant1.owl#Address,http://www.okkam.org/oaie/restaurant1-Address29,,,,854 7th ave.  between 54th and 55th sts.,http://www.okkam.org/oaie/restaurant1-City29
,http://www.okkam.org/ontology_restaurant1.owl#Address,http://www.okkam.org/oaie/restaurant1-Address90,,,,3434 peachtree rd.,http://www.okkam.org/oaie/restaurant1-City90
